{
    "owner": {
        "domain": "BUILTIN",
        "name": "Administrators",
        "sid": "S-1-5-32-544"
    },
    "group": {
        "domain": "BUILTIN",
        "name": "Administrators",
        "sid": "S-1-5-32-544"
    },
    "dacl": [
        {
            "access_mask": 393279,
            "trustee": {
                "domain": "BUILTIN",
                "name": "Administrators",
                "sid": "S-1-5-32-544"
            },
            "inherited": true,
            "permissions": [
                "Enable",
                "MethodExecute",
                "FullWrite",
                "PartialWrite",
                "ProviderWrite",
                "RemoteAccess",
                "ReadSecurity",
                "WriteSecurity"
            ]
        },
        {
            "access_mask": 19,
            "trustee": {
                "domain": "NT AUTHORITY",
                "name": "NETWORK SERVICE",
                "sid": "S-1-5-20"
            },
            "inherited": true,
            "permissions": [
                "Enable",
                "MethodExecute",
                "ProviderWrite"
            ]
        },
        {
            "access_mask": 19,
            "trustee": {
                "domain": "NT AUTHORITY",
                "name": "LOCAL SERVICE",
                "sid": "S-1-5-19"
            },
            "inherited": true,
            "permissions": [
                "Enable",
                "MethodExecute",
                "ProviderWrite"
            ]
        },
        {
            "access_mask": 19,
            "trustee": {
                "domain": "NT AUTHORITY",
                "name": "Authenticated Users",
                "sid": "S-1-5-11"
            },
            "inherited": true,
            "permissions": [
                "Enable",
                "MethodExecute",
                "ProviderWrite"
            ]
        }
    ]
}