[
    {
        "local_principal": {
            "sid": "S-1-1-0"
        },
        "permissions": [
            "SeNetworkLogonRight",
            "SeChangeNotifyPrivilege"
        ]
    },
    {
        "local_principal": {
            "sid": "S-1-5-32-544"
        },
        "permissions": [
            "SeNetworkLogonRight",
            "SeBackupPrivilege",
            "SeChangeNotifyPrivilege",
            "SeSystemtimePrivilege",
            "SeCreatePagefilePrivilege",
            "SeDebugPrivilege",
            "SeRemoteShutdownPrivilege",
            "SeIncreaseQuotaPrivilege",
            "SeIncreaseBasePriorityPrivilege",
            "SeLoadDriverPrivilege",
            "SeBatchLogonRight",
            "SeInteractiveLogonRight",
            "SeSecurityPrivilege",
            "SeSystemEnvironmentPrivilege",
            "SeProfileSingleProcessPrivilege",
            "SeSystemProfilePrivilege",
            "SeRestorePrivilege",
            "SeShutdownPrivilege",
            "SeTakeOwnershipPrivilege",
            "SeUndockPrivilege",
            "SeManageVolumePrivilege",
            "SeRemoteInteractiveLogonRight",
            "SeImpersonatePrivilege",
            "SeCreateGlobalPrivilege",
            "SeTimeZonePrivilege",
            "SeCreateSymbolicLinkPrivilege",
            "SeDelegateSessionUserImpersonatePrivilege"
        ]
    },
    {
        "local_principal": {
            "sid": "S-1-5-32-545"
        },
        "permissions": [
            "SeNetworkLogonRight",
            "SeChangeNotifyPrivilege",
            "SeInteractiveLogonRight",
            "SeShutdownPrivilege",
            "SeUndockPrivilege",
            "SeIncreaseWorkingSetPrivilege",
            "SeTimeZonePrivilege"
        ]
    },
    {
        "local_principal": {
            "sid": "S-1-5-32-551"
        },
        "permissions": [
            "SeNetworkLogonRight",
            "SeBackupPrivilege",
            "SeChangeNotifyPrivilege",
            "SeBatchLogonRight",
            "SeInteractiveLogonRight",
            "SeRestorePrivilege",
            "SeShutdownPrivilege"
        ]
    },
    {
        "local_principal": {
            "sid": "S-1-5-19"
        },
        "permissions": [
            "SeChangeNotifyPrivilege",
            "SeSystemtimePrivilege",
            "SeAuditPrivilege",
            "SeIncreaseQuotaPrivilege",
            "SeAssignPrimaryTokenPrivilege",
            "SeImpersonatePrivilege",
            "SeCreateGlobalPrivilege",
            "SeTimeZonePrivilege"
        ]
    },
    {
        "local_principal": {
            "sid": "S-1-5-20"
        },
        "permissions": [
            "SeChangeNotifyPrivilege",
            "SeAuditPrivilege",
            "SeIncreaseQuotaPrivilege",
            "SeAssignPrimaryTokenPrivilege",
            "SeImpersonatePrivilege",
            "SeCreateGlobalPrivilege"
        ]
    },
    {
        "local_principal": {
            "sid": "S-1-5-90-0"
        },
        "permissions": [
            "SeIncreaseBasePriorityPrivilege"
        ]
    },
    {
        "local_principal": {
            "sid": "S-1-5-32-559"
        },
        "permissions": [
            "SeBatchLogonRight"
        ]
    },
    {
        "local_principal": {
            "sid": "S-1-5-80-0"
        },
        "permissions": [
            "SeServiceLogonRight"
        ]
    },
    {
        "local_principal": {
            "sid": "S-1-5-80-3139157870-2983391045-3678747466-658725712-1809340420"
        },
        "permissions": [
            "SeSystemProfilePrivilege"
        ]
    },
    {
        "local_principal": {
            "sid": "S-1-5-32-555"
        },
        "permissions": [
            "SeRemoteInteractiveLogonRight"
        ]
    },
    {
        "local_principal": {
            "sid": "S-1-5-21-71392453-556117582-2572091979-1105"
        },
        "permissions": [
            "SeDenyRemoteInteractiveLogonRight"
        ]
    },
    {
        "local_principal": {
            "sid": "S-1-5-6"
        },
        "permissions": [
            "SeImpersonatePrivilege",
            "SeCreateGlobalPrivilege"
        ]
    }
]