[
    {
        "sid": "S-1-5-21-71392453-556117582-2572091979-517",
        "name": "Cert Publishers",
        "members": []
    },
    {
        "sid": "S-1-5-21-71392453-556117582-2572091979-553",
        "name": "RAS and IAS Servers",
        "members": []
    },
    {
        "sid": "S-1-5-21-71392453-556117582-2572091979-571",
        "name": "Allowed RODC Password Replication Group",
        "members": []
    },
    {
        "sid": "S-1-5-21-71392453-556117582-2572091979-572",
        "name": "Denied RODC Password Replication Group",
        "members": [
            {
                "sid": "S-1-5-21-71392453-556117582-2572091979-517",
                "name": "LAB\\Cert Publishers"
            },
            {
                "sid": "S-1-5-21-71392453-556117582-2572091979-512",
                "name": "LAB\\Domain Admins"
            },
            {
                "sid": "S-1-5-21-71392453-556117582-2572091979-516",
                "name": "LAB\\Domain Controllers"
            },
            {
                "sid": "S-1-5-21-71392453-556117582-2572091979-519",
                "name": "LAB\\Enterprise Admins"
            },
            {
                "sid": "S-1-5-21-71392453-556117582-2572091979-520",
                "name": "LAB\\Group Policy Creator Owners"
            },
            {
                "sid": "S-1-5-21-71392453-556117582-2572091979-502",
                "name": "LAB\\krbtgt"
            },
            {
                "sid": "S-1-5-21-71392453-556117582-2572091979-521",
                "name": "LAB\\Read-only Domain Controllers"
            },
            {
                "sid": "S-1-5-21-71392453-556117582-2572091979-518",
                "name": "LAB\\Schema Admins"
            }
        ]
    },
    {
        "sid": "S-1-5-21-71392453-556117582-2572091979-1103",
        "name": "DnsAdmins",
        "members": []
    },
    {
        "sid": "S-1-5-21-71392453-556117582-2572091979-1121",
        "name": "gAllUsers",
        "members": [
            {
                "sid": "S-1-5-21-71392453-556117582-2572091979-1000",
                "name": "LAB\\Administrateur"
            },
            {
                "sid": "S-1-5-21-71392453-556117582-2572091979-1105",
                "name": "LAB\\u0"
            },
            {
                "sid": "S-1-5-21-71392453-556117582-2572091979-1106",
                "name": "LAB\\u04"
            },
            {
                "sid": "S-1-5-21-71392453-556117582-2572091979-1107",
                "name": "LAB\\u1"
            },
            {
                "sid": "S-1-5-21-71392453-556117582-2572091979-1108",
                "name": "LAB\\u14"
            },
            {
                "sid": "S-1-5-21-71392453-556117582-2572091979-1109",
                "name": "LAB\\u2"
            },
            {
                "sid": "S-1-5-21-71392453-556117582-2572091979-1110",
                "name": "LAB\\u24"
            },
            {
                "sid": "S-1-5-21-71392453-556117582-2572091979-1111",
                "name": "LAB\\u3"
            },
            {
                "sid": "S-1-5-21-71392453-556117582-2572091979-1112",
                "name": "LAB\\u34"
            },
            {
                "sid": "S-1-5-21-71392453-556117582-2572091979-1113",
                "name": "LAB\\u4"
            },
            {
                "sid": "S-1-5-21-71392453-556117582-2572091979-1114",
                "name": "LAB\\u44"
            },
            {
                "sid": "S-1-5-21-71392453-556117582-2572091979-1115",
                "name": "LAB\\u5"
            },
            {
                "sid": "S-1-5-21-71392453-556117582-2572091979-1116",
                "name": "LAB\\u6"
            },
            {
                "sid": "S-1-5-21-71392453-556117582-2572091979-1117",
                "name": "LAB\\u7"
            },
            {
                "sid": "S-1-5-21-71392453-556117582-2572091979-1118",
                "name": "LAB\\u8"
            },
            {
                "sid": "S-1-5-21-71392453-556117582-2572091979-1119",
                "name": "LAB\\ugSci"
            },
            {
                "sid": "S-1-5-21-71392453-556117582-2572091979-1001",
                "name": "LAB\\User"
            },
            {
                "sid": "S-1-5-21-71392453-556117582-2572091979-1120",
                "name": "LAB\\userGhr"
            }
        ]
    },
    {
        "sid": "S-1-5-21-71392453-556117582-2572091979-1122",
        "name": "gEmpty",
        "members": []
    },
    {
        "sid": "S-1-5-21-71392453-556117582-2572091979-1123",
        "name": "gHelloWorld",
        "members": []
    },
    {
        "sid": "S-1-5-21-71392453-556117582-2572091979-1124",
        "name": "gHr",
        "members": [
            {
                "sid": "S-1-5-21-71392453-556117582-2572091979-1125",
                "name": "LAB\\gSci"
            },
            {
                "sid": "S-1-5-21-71392453-556117582-2572091979-1120",
                "name": "LAB\\userGhr"
            }
        ]
    }
]