[
    {
        "distinguishedName": "CN=WIN2019,OU=Domain Controllers,DC=lab,DC=local",
        "objectGUID": "{bb9f7e72-0198-4ae2-b3f6-c95b6308a086}",
        "objectSid": "S-1-5-21-71392453-556117582-2572091979-1002",
        "sAMAccountName": "WIN2019$",
        "operatingSystem": "Windows Server 2019 Datacenter Evaluation",
        "primaryGroupID": "516",
        "operatingSystemVersion": "10.0 (17763)",
        "name": "WIN2019",
        "dNSHostName": "win2019.lab.local"
    },
    {
        "distinguishedName": "CN=DESKTOP-HGD6MA0,CN=Computers,DC=lab,DC=local",
        "objectGUID": "{ada52ba4-65c3-42e7-a229-374c5789c7a6}",
        "objectSid": "S-1-5-21-71392453-556117582-2572091979-1126",
        "sAMAccountName": "DESKTOP-HGD6MA0$",
        "operatingSystem": "Windows 10 Enterprise LTSC",
        "primaryGroupID": "515",
        "operatingSystemVersion": "10.0 (19044)",
        "name": "DESKTOP-HGD6MA0",
        "dNSHostName": "DESKTOP-HGD6MA0.lab.local"
    },
    {
        "distinguishedName": "CN=DESKTOP-9SP8BCG,CN=Computers,DC=lab,DC=local",
        "objectGUID": "{10845d0d-aca9-44e1-b466-5ab0f9f37fe8}",
        "objectSid": "S-1-5-21-71392453-556117582-2572091979-1127",
        "sAMAccountName": "DESKTOP-9SP8BCG$",
        "operatingSystem": "Windows 10 Enterprise LTSC",
        "primaryGroupID": "515",
        "operatingSystemVersion": "10.0 (19044)",
        "name": "DESKTOP-9SP8BCG",
        "dNSHostName": "DESKTOP-9SP8BCG.lab.local"
    },
    {
        "distinguishedName": "CN=DESKTOP-1U55JRC,CN=Computers,DC=lab,DC=local",
        "objectGUID": "{f17e9b01-81eb-4291-a063-7fcdf10ff8ef}",
        "objectSid": "S-1-5-21-71392453-556117582-2572091979-1128",
        "sAMAccountName": "DESKTOP-1U55JRC$",
        "operatingSystem": "Windows 10 Enterprise LTSC",
        "primaryGroupID": "515",
        "operatingSystemVersion": "10.0 (19044)",
        "name": "DESKTOP-1U55JRC",
        "dNSHostName": "DESKTOP-1U55JRC.lab.local"
    },
    {
        "distinguishedName": "CN=DESKTOP-SOU0KFH,CN=Computers,DC=lab,DC=local",
        "objectGUID": "{7c102080-ca4f-4ccf-b75b-9e08c1378c5c}",
        "objectSid": "S-1-5-21-71392453-556117582-2572091979-1129",
        "sAMAccountName": "DESKTOP-SOU0KFH$",
        "operatingSystem": "Windows 10 Enterprise LTSC",
        "primaryGroupID": "515",
        "operatingSystemVersion": "10.0 (19044)",
        "name": "DESKTOP-SOU0KFH",
        "dNSHostName": "DESKTOP-SOU0KFH.lab.local"
    },
    {
        "distinguishedName": "CN=DESKTOP-L46ATQ2,CN=Computers,DC=lab,DC=local",
        "objectGUID": "{83d9c125-89d4-423c-b047-c463407a0b3a}",
        "objectSid": "S-1-5-21-71392453-556117582-2572091979-1130",
        "sAMAccountName": "DESKTOP-L46ATQ2$",
        "operatingSystem": "Windows 10 Enterprise LTSC",
        "primaryGroupID": "515",
        "operatingSystemVersion": "10.0 (19044)",
        "name": "DESKTOP-L46ATQ2",
        "dNSHostName": "DESKTOP-L46ATQ2.lab.local"
    },
    {
        "distinguishedName": "CN=DESKTOP-DDMFI4D,CN=Computers,DC=lab,DC=local",
        "objectGUID": "{718d39fc-4a4d-4150-939a-fd50289b5a71}",
        "objectSid": "S-1-5-21-71392453-556117582-2572091979-1131",
        "sAMAccountName": "DESKTOP-DDMFI4D$",
        "operatingSystem": "Windows 10 Enterprise LTSC",
        "primaryGroupID": "515",
        "operatingSystemVersion": "10.0 (19044)",
        "name": "DESKTOP-DDMFI4D",
        "dNSHostName": "DESKTOP-DDMFI4D.lab.local"
    }
]