[
    {
        "distinguishedName": "CN={31B2F340-016D-11D2-945F-00C04FB984F9},CN=Policies,CN=System,DC=lab,DC=local",
        "objectGUID": "{31ef54e6-ea36-4481-9ad1-c3b7cc373958}",
        "gPCFunctionalityVersion": "2",
        "displayName": "Default Domain Policy",
        "flags": "0",
        "gPCFileSysPath": "\\\\lab.local\\sysvol\\lab.local\\Policies\\{31B2F340-016D-11D2-945F-00C04FB984F9}",
        "nTSecurityDescriptor": "b'\\x01\\x00\\x14\\x9c\\xe8\\x01\\x00\\x00\\x04\\x02\\x00\\x00\\x14\\x00\\x00\\x00\\xb4\\x00\\x00\\x00\\x04\\x00\\xa0\\x00\\x03\\x00\\x00\\x00\\x07R(\\x00 \\x00\\x04\\x00\\x02\\x00\\x00\\x00\\xc2;\\x0e\\xf3\\xf0\\x9f\\xd1\\x11\\xb6\\x03\\x00\\x00\\xf8\\x03g\\xc1\\x01\\x01\\x00\\x00\\x00\\x00\\x00\\x01\\x00\\x00\\x00\\x00\\x07Z8\\x00 \\x00\\x00\\x00\\x03\\x00\\x00\\x00\\xbe;\\x0e\\xf3\\xf0\\x9f\\xd1\\x11\\xb6\\x03\\x00\\x00\\xf8\\x03g\\xc1\\xa5z\\x96\\xbf\\xe6\\r\\xd0\\x11\\xa2\\x85\\x00\\xaa\\x000I\\xe2\\x01\\x01\\x00\\x00\\x00\\x00\\x00\\x01\\x00\\x00\\x00\\x00\\x07Z8\\x00 \\x00\\x00\\x00\\x03\\x00\\x00\\x00\\xbf;\\x0e\\xf3\\xf0\\x9f\\xd1\\x11\\xb6\\x03\\x00\\x00\\xf8\\x03g\\xc1\\xa5z\\x96\\xbf\\xe6\\r\\xd0\\x11\\xa2\\x85\\x00\\xaa\\x000I\\xe2\\x01\\x01\\x00\\x00\\x00\\x00\\x00\\x01\\x00\\x00\\x00\\x00\\x04\\x004\\x01\\n\\x00\\x00\\x00\\x00\\x00$\\x00\\xbd\\x00\\x0e\\x00\\x01\\x05\\x00\\x00\\x00\\x00\\x00\\x05\\x15\\x00\\x00\\x00\\xc5\\\\A\\x04N\\xae%!K\\x02O\\x99\\x00\\x02\\x00\\x00\\x00\\n$\\x00\\xff\\x00\\x0f\\x00\\x01\\x05\\x00\\x00\\x00\\x00\\x00\\x05\\x15\\x00\\x00\\x00\\xc5\\\\A\\x04N\\xae%!K\\x02O\\x99\\x00\\x02\\x00\\x00\\x00\\x00$\\x00\\xbd\\x00\\x0e\\x00\\x01\\x05\\x00\\x00\\x00\\x00\\x00\\x05\\x15\\x00\\x00\\x00\\xc5\\\\A\\x04N\\xae%!K\\x02O\\x99\\x07\\x02\\x00\\x00\\x00\\n$\\x00\\xff\\x00\\x0f\\x00\\x01\\x05\\x00\\x00\\x00\\x00\\x00\\x05\\x15\\x00\\x00\\x00\\xc5\\\\A\\x04N\\xae%!K\\x02O\\x99\\x07\\x02\\x00\\x00\\x00\\x00$\\x00\\xbd\\x00\\x0e\\x00\\x01\\x05\\x00\\x00\\x00\\x00\\x00\\x05\\x15\\x00\\x00\\x00\\xc5\\\\A\\x04N\\xae%!K\\x02O\\x99\\x00\\x02\\x00\\x00\\x00\\n\\x14\\x00\\xff\\x00\\x0f\\x00\\x01\\x01\\x00\\x00\\x00\\x00\\x00\\x03\\x00\\x00\\x00\\x00\\x00\\x02\\x14\\x00\\xff\\x00\\x0f\\x00\\x01\\x01\\x00\\x00\\x00\\x00\\x00\\x05\\x12\\x00\\x00\\x00\\x00\\x02\\x14\\x00\\x94\\x00\\x02\\x00\\x01\\x01\\x00\\x00\\x00\\x00\\x00\\x05\\x0b\\x00\\x00\\x00\\x05\\x02(\\x00\\x00\\x01\\x00\\x00\\x01\\x00\\x00\\x00\\x8f\\xfd\\xac\\xed\\xb3\\xff\\xd1\\x11\\xb4\\x1d\\x00\\xa0\\xc9h\\xf99\\x01\\x01\\x00\\x00\\x00\\x00\\x00\\x05\\x0b\\x00\\x00\\x00\\x00\\x02\\x14\\x00\\x94\\x00\\x02\\x00\\x01\\x01\\x00\\x00\\x00\\x00\\x00\\x05\\t\\x00\\x00\\x00\\x01\\x05\\x00\\x00\\x00\\x00\\x00\\x05\\x15\\x00\\x00\\x00\\xc5\\\\A\\x04N\\xae%!K\\x02O\\x99\\x00\\x02\\x00\\x00\\x01\\x05\\x00\\x00\\x00\\x00\\x00\\x05\\x15\\x00\\x00\\x00\\xc5\\\\A\\x04N\\xae%!K\\x02O\\x99\\x00\\x02\\x00\\x00'"
    },
    {
        "distinguishedName": "CN={6AC1786C-016F-11D2-945F-00C04fB984F9},CN=Policies,CN=System,DC=lab,DC=local",
        "objectGUID": "{b9fa7a2f-dee4-4feb-b5a3-91dea332e3df}",
        "gPCFunctionalityVersion": "2",
        "displayName": "Default Domain Controllers Policy",
        "flags": "0",
        "gPCFileSysPath": "\\\\lab.local\\sysvol\\lab.local\\Policies\\{6AC1786C-016F-11D2-945F-00C04fB984F9}",
        "nTSecurityDescriptor": "b'\\x01\\x00\\x14\\x9c\\xe8\\x01\\x00\\x00\\x04\\x02\\x00\\x00\\x14\\x00\\x00\\x00\\xb4\\x00\\x00\\x00\\x04\\x00\\xa0\\x00\\x03\\x00\\x00\\x00\\x07R(\\x00 \\x00\\x04\\x00\\x02\\x00\\x00\\x00\\xc2;\\x0e\\xf3\\xf0\\x9f\\xd1\\x11\\xb6\\x03\\x00\\x00\\xf8\\x03g\\xc1\\x01\\x01\\x00\\x00\\x00\\x00\\x00\\x01\\x00\\x00\\x00\\x00\\x07Z8\\x00 \\x00\\x00\\x00\\x03\\x00\\x00\\x00\\xbe;\\x0e\\xf3\\xf0\\x9f\\xd1\\x11\\xb6\\x03\\x00\\x00\\xf8\\x03g\\xc1\\xa5z\\x96\\xbf\\xe6\\r\\xd0\\x11\\xa2\\x85\\x00\\xaa\\x000I\\xe2\\x01\\x01\\x00\\x00\\x00\\x00\\x00\\x01\\x00\\x00\\x00\\x00\\x07Z8\\x00 \\x00\\x00\\x00\\x03\\x00\\x00\\x00\\xbf;\\x0e\\xf3\\xf0\\x9f\\xd1\\x11\\xb6\\x03\\x00\\x00\\xf8\\x03g\\xc1\\xa5z\\x96\\xbf\\xe6\\r\\xd0\\x11\\xa2\\x85\\x00\\xaa\\x000I\\xe2\\x01\\x01\\x00\\x00\\x00\\x00\\x00\\x01\\x00\\x00\\x00\\x00\\x04\\x004\\x01\\n\\x00\\x00\\x00\\x00\\x00$\\x00\\xbd\\x00\\x0e\\x00\\x01\\x05\\x00\\x00\\x00\\x00\\x00\\x05\\x15\\x00\\x00\\x00\\xc5\\\\A\\x04N\\xae%!K\\x02O\\x99\\x00\\x02\\x00\\x00\\x00\\n$\\x00\\xff\\x00\\x0f\\x00\\x01\\x05\\x00\\x00\\x00\\x00\\x00\\x05\\x15\\x00\\x00\\x00\\xc5\\\\A\\x04N\\xae%!K\\x02O\\x99\\x00\\x02\\x00\\x00\\x00\\x00$\\x00\\xbd\\x00\\x0e\\x00\\x01\\x05\\x00\\x00\\x00\\x00\\x00\\x05\\x15\\x00\\x00\\x00\\xc5\\\\A\\x04N\\xae%!K\\x02O\\x99\\x07\\x02\\x00\\x00\\x00\\n$\\x00\\xff\\x00\\x0f\\x00\\x01\\x05\\x00\\x00\\x00\\x00\\x00\\x05\\x15\\x00\\x00\\x00\\xc5\\\\A\\x04N\\xae%!K\\x02O\\x99\\x07\\x02\\x00\\x00\\x00\\x00$\\x00\\xbd\\x00\\x0e\\x00\\x01\\x05\\x00\\x00\\x00\\x00\\x00\\x05\\x15\\x00\\x00\\x00\\xc5\\\\A\\x04N\\xae%!K\\x02O\\x99\\x00\\x02\\x00\\x00\\x00\\n\\x14\\x00\\xff\\x00\\x0f\\x00\\x01\\x01\\x00\\x00\\x00\\x00\\x00\\x03\\x00\\x00\\x00\\x00\\x00\\x02\\x14\\x00\\xff\\x00\\x0f\\x00\\x01\\x01\\x00\\x00\\x00\\x00\\x00\\x05\\x12\\x00\\x00\\x00\\x00\\x02\\x14\\x00\\x94\\x00\\x02\\x00\\x01\\x01\\x00\\x00\\x00\\x00\\x00\\x05\\x0b\\x00\\x00\\x00\\x05\\x02(\\x00\\x00\\x01\\x00\\x00\\x01\\x00\\x00\\x00\\x8f\\xfd\\xac\\xed\\xb3\\xff\\xd1\\x11\\xb4\\x1d\\x00\\xa0\\xc9h\\xf99\\x01\\x01\\x00\\x00\\x00\\x00\\x00\\x05\\x0b\\x00\\x00\\x00\\x00\\x02\\x14\\x00\\x94\\x00\\x02\\x00\\x01\\x01\\x00\\x00\\x00\\x00\\x00\\x05\\t\\x00\\x00\\x00\\x01\\x05\\x00\\x00\\x00\\x00\\x00\\x05\\x15\\x00\\x00\\x00\\xc5\\\\A\\x04N\\xae%!K\\x02O\\x99\\x00\\x02\\x00\\x00\\x01\\x05\\x00\\x00\\x00\\x00\\x00\\x05\\x15\\x00\\x00\\x00\\xc5\\\\A\\x04N\\xae%!K\\x02O\\x99\\x00\\x02\\x00\\x00'"
    }
]