[
    {
        "name": "Everyone",
        "sid": "S-1-1-0"
    },
    {
        "name": "LOCAL",
        "sid": "S-1-2-0"
    },
    {
        "name": "CREATOR OWNER",
        "sid": "S-1-3-0"
    },
    {
        "name": "CREATOR GROUP",
        "sid": "S-1-3-1"
    },
    {
        "name": "CREATOR OWNER SERVER",
        "sid": "S-1-3-2"
    },
    {
        "name": "CREATOR GROUP SERVER",
        "sid": "S-1-3-3"
    },
    {
        "name": "OWNER RIGHTS",
        "sid": "S-1-3-4"
    },
    {
        "name": "DIALUP",
        "sid": "S-1-5-1"
    },
    {
        "name": "NETWORK",
        "sid": "S-1-5-2"
    },
    {
        "name": "BATCH",
        "sid": "S-1-5-3"
    },
    {
        "name": "INTERACTIVE",
        "sid": "S-1-5-4"
    },
    {
        "name": "SERVICE",
        "sid": "S-1-5-6"
    },
    {
        "name": "ANONYMOUS LOGON",
        "sid": "S-1-5-7"
    },
    {
        "name": "PROXY",
        "sid": "S-1-5-8"
    },
    {
        "name": "SYSTEM",
        "sid": "S-1-5-18"
    },
    {
        "name": "ENTERPRISE DOMAIN CONTROLLERS",
        "sid": "S-1-5-9"
    },
    {
        "name": "SELF",
        "sid": "S-1-5-10"
    },
    {
        "name": "Authenticated Users",
        "sid": "S-1-5-11"
    },
    {
        "name": "RESTRICTED",
        "sid": "S-1-5-12"
    },
    {
        "name": "TERMINAL SERVER USER",
        "sid": "S-1-5-13"
    },
    {
        "name": "REMOTE INTERACTIVE LOGON",
        "sid": "S-1-5-14"
    },
    {
        "name": "IUSR",
        "sid": "S-1-5-17"
    },
    {
        "name": "LOCAL SERVICE",
        "sid": "S-1-5-19"
    },
    {
        "name": "NETWORK SERVICE",
        "sid": "S-1-5-20"
    },
    {
        "name": "Administrateur",
        "sid": "S-1-5-21-2645208504-3545042130-950172851-1000"
    },
    {
        "name": "Administrator",
        "sid": "S-1-5-21-2645208504-3545042130-950172851-500"
    },
    {
        "name": "c0local",
        "sid": "S-1-5-21-2645208504-3545042130-950172851-1003"
    },
    {
        "name": "DefaultAccount",
        "sid": "S-1-5-21-2645208504-3545042130-950172851-503"
    },
    {
        "name": "Guest",
        "sid": "S-1-5-21-2645208504-3545042130-950172851-501"
    },
    {
        "name": "User",
        "sid": "S-1-5-21-2645208504-3545042130-950172851-1001"
    },
    {
        "name": "WDAGUtilityAccount",
        "sid": "S-1-5-21-2645208504-3545042130-950172851-504"
    }
]