[
    {
        "registry": "HKLM:\\SOFTWARE\\Wow6432Node\\Microsoft\\Windows\\CurrentVersion\\Uninstall\\*",
        "softwares": [
            {
                "name": "Microsoft Edge",
                "version": "142.0.3595.80"
            },
            {
                "name": "Microsoft Edge WebView2 Runtime",
                "version": "142.0.3595.80"
            }
        ]
    },
    {
        "registry": "HKLM:\\SOFTWARE\\Microsoft\\Windows\\CurrentVersion\\Uninstall\\*",
        "softwares": []
    }
]